[
    {
        "index": 1,
        "name": "구리 갑옷",
        "MaxHp": 25,
        "MoveSpeed": 0,
        "AttackDmg": 0,
        "AttackSpeed": 0,
        "AttackRange": 0,
        "BulletSpeed": 0,
        "BulletLifeTime": 0,
        "BulletPen": 0,
        "LootingRange": 0,
        "ExpMultipler": 0,
        "Fire": 0,
        "Electric": 0,
        "Ice": 0,
        "Poison": 0,
        "Grade": "노말"
    },
    {
        "index": 2,
        "name": "구리 장화",
        "MaxHp": 5,
        "MoveSpeed": 1,
        "AttackDmg": 0,
        "AttackSpeed": 0,
        "AttackRange": 0,
        "BulletSpeed": 0,
        "BulletLifeTime": 0,
        "BulletPen": 0,
        "LootingRange": 0,
        "ExpMultipler": 0,
        "Fire": 0,
        "Electric": 0,
        "Ice": 0,
        "Poison": 0,
        "Grade": "노말"
    },
    {
        "index": 3,
        "name": "구리 장갑",
        "MaxHp": 5,
        "MoveSpeed": 0,
        "AttackDmg": 0,
        "AttackSpeed": 0,
        "AttackRange": 0,
        "BulletSpeed": 0,
        "BulletLifeTime": 0,
        "BulletPen": 0,
        "LootingRange": 0.5,
        "ExpMultipler": 0,
        "Fire": 0,
        "Electric": 0,
        "Ice": 0,
        "Poison": 0,
        "Grade": "노말"
    },
    {
        "index": 4,
        "name": "구리 장검",
        "MaxHp": 5,
        "MoveSpeed": 0,
        "AttackDmg": 1,
        "AttackSpeed": 0,
        "AttackRange": 0,
        "BulletSpeed": 0,
        "BulletLifeTime": 0,
        "BulletPen": 0,
        "LootingRange": 0,
        "ExpMultipler": 0,
        "Fire": 0,
        "Electric": 0,
        "Ice": 0,
        "Poison": 0,
        "Grade": "노말"
    },
    {
        "index": 5,
        "name": "구리 단검",
        "MaxHp": 5,
        "MoveSpeed": 0,
        "AttackDmg": 0,
        "AttackSpeed": 0.5,
        "AttackRange": 0,
        "BulletSpeed": 0,
        "BulletLifeTime": 0,
        "BulletPen": 0,
        "LootingRange": 0,
        "ExpMultipler": 0,
        "Fire": 0,
        "Electric": 0,
        "Ice": 0,
        "Poison": 0,
        "Grade": "노말"
    },
    {
        "index": 6,
        "name": "구리 창",
        "MaxHp": 5,
        "MoveSpeed": 0,
        "AttackDmg": 0,
        "AttackSpeed": 0,
        "AttackRange": 0.5,
        "BulletSpeed": 0,
        "BulletLifeTime": 0,
        "BulletPen": 0,
        "LootingRange": 0,
        "ExpMultipler": 0,
        "Fire": 0,
        "Electric": 0,
        "Ice": 0,
        "Poison": 0,
        "Grade": "노말"
    },
    {
        "index": 7,
        "name": "구리 활",
        "MaxHp": 5,
        "MoveSpeed": 0,
        "AttackDmg": 0,
        "AttackSpeed": 0,
        "AttackRange": 0,
        "BulletSpeed": 0.5,
        "BulletLifeTime": 0,
        "BulletPen": 0,
        "LootingRange": 0,
        "ExpMultipler": 0,
        "Fire": 0,
        "Electric": 0,
        "Ice": 0,
        "Poison": 0,
        "Grade": "노말"
    },
    {
        "index": 8,
        "name": "구리 목걸이",
        "MaxHp": 5,
        "MoveSpeed": 0,
        "AttackDmg": 0,
        "AttackSpeed": 0,
        "AttackRange": 0,
        "BulletSpeed": 0,
        "BulletLifeTime": 0.2,
        "BulletPen": 0,
        "LootingRange": 0,
        "ExpMultipler": 0,
        "Fire": 0,
        "Electric": 0,
        "Ice": 0,
        "Poison": 0,
        "Grade": "노말"
    },
    {
        "index": 9,
        "name": "구리 화살",
        "MaxHp": 5,
        "MoveSpeed": 0,
        "AttackDmg": 0,
        "AttackSpeed": 0,
        "AttackRange": 0,
        "BulletSpeed": 0,
        "BulletLifeTime": 0,
        "BulletPen": 1,
        "LootingRange": 0,
        "ExpMultipler": 0,
        "Fire": 0,
        "Electric": 0,
        "Ice": 0,
        "Poison": 0,
        "Grade": "노말"
    },
    {
        "index": 10,
        "name": "구리 반지",
        "MaxHp": 5,
        "MoveSpeed": 0,
        "AttackDmg": 0,
        "AttackSpeed": 0,
        "AttackRange": 0,
        "BulletSpeed": 0,
        "BulletLifeTime": 0,
        "BulletPen": 0,
        "LootingRange": 0,
        "ExpMultipler": 0.1,
        "Fire": 0,
        "Electric": 0,
        "Ice": 0,
        "Poison": 0,
        "Grade": "노말"
    },
    {
        "index": 11,
        "name": "뼈 갑옷",
        "MaxHp": 15,
        "MoveSpeed": 0,
        "AttackDmg": 1,
        "AttackSpeed": 0,
        "AttackRange": 0,
        "BulletSpeed": 0,
        "BulletLifeTime": 0,
        "BulletPen": 0,
        "LootingRange": 0,
        "ExpMultipler": 0,
        "Fire": 0,
        "Electric": 0,
        "Ice": 0,
        "Poison": 0,
        "Grade": "노말"
    },
    {
        "index": 12,
        "name": "뼈 장화",
        "MaxHp": -5,
        "MoveSpeed": 1,
        "AttackDmg": 1,
        "AttackSpeed": 0,
        "AttackRange": 0,
        "BulletSpeed": 0,
        "BulletLifeTime": 0,
        "BulletPen": 0,
        "LootingRange": 0,
        "ExpMultipler": 0,
        "Fire": 0,
        "Electric": 0,
        "Ice": 0,
        "Poison": 0,
        "Grade": "노말"
    },
    {
        "index": 13,
        "name": "뼈 장갑",
        "MaxHp": -5,
        "MoveSpeed": 0,
        "AttackDmg": 1,
        "AttackSpeed": 0,
        "AttackRange": 0,
        "BulletSpeed": 0,
        "BulletLifeTime": 0,
        "BulletPen": 0,
        "LootingRange": 0.5,
        "ExpMultipler": 0,
        "Fire": 0,
        "Electric": 0,
        "Ice": 0,
        "Poison": 0,
        "Grade": "노말"
    },
    {
        "index": 14,
        "name": "뼈 장검",
        "MaxHp": -5,
        "MoveSpeed": 0,
        "AttackDmg": 2,
        "AttackSpeed": 0,
        "AttackRange": 0,
        "BulletSpeed": 0,
        "BulletLifeTime": 0,
        "BulletPen": 0,
        "LootingRange": 0,
        "ExpMultipler": 0,
        "Fire": 0,
        "Electric": 0,
        "Ice": 0,
        "Poison": 0,
        "Grade": "노말"
    },
    {
        "index": 15,
        "name": "뼈 단검",
        "MaxHp": -5,
        "MoveSpeed": 0,
        "AttackDmg": 1,
        "AttackSpeed": 0.5,
        "AttackRange": 0,
        "BulletSpeed": 0,
        "BulletLifeTime": 0,
        "BulletPen": 0,
        "LootingRange": 0,
        "ExpMultipler": 0,
        "Fire": 0,
        "Electric": 0,
        "Ice": 0,
        "Poison": 0,
        "Grade": "노말"
    },
    {
        "index": 16,
        "name": "뼈 창",
        "MaxHp": -5,
        "MoveSpeed": 0,
        "AttackDmg": 1,
        "AttackSpeed": 0,
        "AttackRange": 0.5,
        "BulletSpeed": 0,
        "BulletLifeTime": 0,
        "BulletPen": 0,
        "LootingRange": 0,
        "ExpMultipler": 0,
        "Fire": 0,
        "Electric": 0,
        "Ice": 0,
        "Poison": 0,
        "Grade": "노말"
    },
    {
        "index": 17,
        "name": "뼈 활",
        "MaxHp": -5,
        "MoveSpeed": 0,
        "AttackDmg": 1,
        "AttackSpeed": 0,
        "AttackRange": 0,
        "BulletSpeed": 0.5,
        "BulletLifeTime": 0,
        "BulletPen": 0,
        "LootingRange": 0,
        "ExpMultipler": 0,
        "Fire": 0,
        "Electric": 0,
        "Ice": 0,
        "Poison": 0,
        "Grade": "노말"
    },
    {
        "index": 18,
        "name": "뼈 목걸이",
        "MaxHp": -5,
        "MoveSpeed": 0,
        "AttackDmg": 1,
        "AttackSpeed": 0,
        "AttackRange": 0,
        "BulletSpeed": 0,
        "BulletLifeTime": 0.2,
        "BulletPen": 0,
        "LootingRange": 0,
        "ExpMultipler": 0,
        "Fire": 0,
        "Electric": 0,
        "Ice": 0,
        "Poison": 0,
        "Grade": "노말"
    },
    {
        "index": 19,
        "name": "뼈 화살",
        "MaxHp": -5,
        "MoveSpeed": 0,
        "AttackDmg": 1,
        "AttackSpeed": 0,
        "AttackRange": 0,
        "BulletSpeed": 0,
        "BulletLifeTime": 0,
        "BulletPen": 1,
        "LootingRange": 0,
        "ExpMultipler": 0,
        "Fire": 0,
        "Electric": 0,
        "Ice": 0,
        "Poison": 0,
        "Grade": "노말"
    },
    {
        "index": 20,
        "name": "뼈 반지",
        "MaxHp": -5,
        "MoveSpeed": 0,
        "AttackDmg": 1,
        "AttackSpeed": 0,
        "AttackRange": 0,
        "BulletSpeed": 0,
        "BulletLifeTime": 0,
        "BulletPen": 0,
        "LootingRange": 0,
        "ExpMultipler": 0.1,
        "Fire": 0,
        "Electric": 0,
        "Ice": 0,
        "Poison": 0,
        "Grade": "노말"
    },
    {
        "index": 21,
        "name": "판금 갑옷",
        "MaxHp": 30,
        "MoveSpeed": -0.1,
        "AttackDmg": 0,
        "AttackSpeed": 0,
        "AttackRange": 0,
        "BulletSpeed": 0,
        "BulletLifeTime": 0,
        "BulletPen": 0,
        "LootingRange": 0,
        "ExpMultipler": 0,
        "Fire": 0,
        "Electric": 0,
        "Ice": 0,
        "Poison": 0,
        "Grade": "레어"
    },
    {
        "index": 22,
        "name": "판금 장화",
        "MaxHp": 10,
        "MoveSpeed": 0.9,
        "AttackDmg": 0,
        "AttackSpeed": 0,
        "AttackRange": 0,
        "BulletSpeed": 0,
        "BulletLifeTime": 0,
        "BulletPen": 0,
        "LootingRange": 0,
        "ExpMultipler": 0,
        "Fire": 0,
        "Electric": 0,
        "Ice": 0,
        "Poison": 0,
        "Grade": "레어"
    },
    {
        "index": 23,
        "name": "판금 장갑",
        "MaxHp": 10,
        "MoveSpeed": -0.1,
        "AttackDmg": 0,
        "AttackSpeed": 0,
        "AttackRange": 0,
        "BulletSpeed": 0,
        "BulletLifeTime": 0,
        "BulletPen": 0,
        "LootingRange": 0.5,
        "ExpMultipler": 0,
        "Fire": 0,
        "Electric": 0,
        "Ice": 0,
        "Poison": 0,
        "Grade": "레어"
    },
    {
        "index": 24,
        "name": "판금 장검",
        "MaxHp": 10,
        "MoveSpeed": -0.1,
        "AttackDmg": 2,
        "AttackSpeed": 0,
        "AttackRange": 0,
        "BulletSpeed": 0,
        "BulletLifeTime": 0,
        "BulletPen": 0,
        "LootingRange": 0,
        "ExpMultipler": 0,
        "Fire": 0,
        "Electric": 0,
        "Ice": 0,
        "Poison": 0,
        "Grade": "레어"
    },
    {
        "index": 25,
        "name": "판금 단검",
        "MaxHp": 10,
        "MoveSpeed": -0.1,
        "AttackDmg": 0,
        "AttackSpeed": 1,
        "AttackRange": 0,
        "BulletSpeed": 0,
        "BulletLifeTime": 0,
        "BulletPen": 0,
        "LootingRange": 0,
        "ExpMultipler": 0,
        "Fire": 0,
        "Electric": 0,
        "Ice": 0,
        "Poison": 0,
        "Grade": "레어"
    },
    {
        "index": 26,
        "name": "판금 창",
        "MaxHp": 10,
        "MoveSpeed": -0.1,
        "AttackDmg": 0,
        "AttackSpeed": 0,
        "AttackRange": 1,
        "BulletSpeed": 0,
        "BulletLifeTime": 0,
        "BulletPen": 0,
        "LootingRange": 0,
        "ExpMultipler": 0,
        "Fire": 0,
        "Electric": 0,
        "Ice": 0,
        "Poison": 0,
        "Grade": "레어"
    },
    {
        "index": 27,
        "name": "판금 활",
        "MaxHp": 10,
        "MoveSpeed": -0.1,
        "AttackDmg": 0,
        "AttackSpeed": 0,
        "AttackRange": 0,
        "BulletSpeed": 1,
        "BulletLifeTime": 0,
        "BulletPen": 0,
        "LootingRange": 0,
        "ExpMultipler": 0,
        "Fire": 0,
        "Electric": 0,
        "Ice": 0,
        "Poison": 0,
        "Grade": "레어"
    },
    {
        "index": 28,
        "name": "판금 목걸이",
        "MaxHp": 10,
        "MoveSpeed": -0.1,
        "AttackDmg": 0,
        "AttackSpeed": 0,
        "AttackRange": 0,
        "BulletSpeed": 0,
        "BulletLifeTime": 0.5,
        "BulletPen": 0,
        "LootingRange": 0,
        "ExpMultipler": 0,
        "Fire": 0,
        "Electric": 0,
        "Ice": 0,
        "Poison": 0,
        "Grade": "레어"
    },
    {
        "index": 29,
        "name": "판금 화살",
        "MaxHp": 10,
        "MoveSpeed": -0.1,
        "AttackDmg": 0,
        "AttackSpeed": 0,
        "AttackRange": 0,
        "BulletSpeed": 0,
        "BulletLifeTime": 0,
        "BulletPen": 1,
        "LootingRange": 0,
        "ExpMultipler": 0,
        "Fire": 0,
        "Electric": 0,
        "Ice": 0,
        "Poison": 0,
        "Grade": "레어"
    },
    {
        "index": 30,
        "name": "판금 반지",
        "MaxHp": 10,
        "MoveSpeed": -0.1,
        "AttackDmg": 0,
        "AttackSpeed": 0,
        "AttackRange": 0,
        "BulletSpeed": 0,
        "BulletLifeTime": 0,
        "BulletPen": 0,
        "LootingRange": 0,
        "ExpMultipler": 0.2,
        "Fire": 0,
        "Electric": 0,
        "Ice": 0,
        "Poison": 0,
        "Grade": "레어"
    },
    {
        "index": 31,
        "name": "크리스탈 갑옷",
        "MaxHp": 20,
        "MoveSpeed": 0,
        "AttackDmg": 0,
        "AttackSpeed": 0,
        "AttackRange": 0,
        "BulletSpeed": 0,
        "BulletLifeTime": 0,
        "BulletPen": 0,
        "LootingRange": 0,
        "ExpMultipler": 0.1,
        "Fire": 0,
        "Electric": 0,
        "Ice": 0,
        "Poison": 0,
        "Grade": "레어"
    },
    {
        "index": 32,
        "name": "크리스탈 장화",
        "MaxHp": 0,
        "MoveSpeed": 1,
        "AttackDmg": 0,
        "AttackSpeed": 0,
        "AttackRange": 0,
        "BulletSpeed": 0,
        "BulletLifeTime": 0,
        "BulletPen": 0,
        "LootingRange": 0,
        "ExpMultipler": 0.1,
        "Fire": 0,
        "Electric": 0,
        "Ice": 0,
        "Poison": 0,
        "Grade": "레어"
    },
    {
        "index": 33,
        "name": "크리스탈 장갑",
        "MaxHp": 0,
        "MoveSpeed": 0,
        "AttackDmg": 0,
        "AttackSpeed": 0,
        "AttackRange": 0,
        "BulletSpeed": 0,
        "BulletLifeTime": 0,
        "BulletPen": 0,
        "LootingRange": 0.5,
        "ExpMultipler": 0.1,
        "Fire": 0,
        "Electric": 0,
        "Ice": 0,
        "Poison": 0,
        "Grade": "레어"
    },
    {
        "index": 34,
        "name": "크리스탈 장검",
        "MaxHp": 0,
        "MoveSpeed": 0,
        "AttackDmg": 2,
        "AttackSpeed": 0,
        "AttackRange": 0,
        "BulletSpeed": 0,
        "BulletLifeTime": 0,
        "BulletPen": 0,
        "LootingRange": 0,
        "ExpMultipler": 0.1,
        "Fire": 0,
        "Electric": 0,
        "Ice": 0,
        "Poison": 0,
        "Grade": "레어"
    },
    {
        "index": 35,
        "name": "크리스탈 단검",
        "MaxHp": 0,
        "MoveSpeed": 0,
        "AttackDmg": 0,
        "AttackSpeed": 1,
        "AttackRange": 0,
        "BulletSpeed": 0,
        "BulletLifeTime": 0,
        "BulletPen": 0,
        "LootingRange": 0,
        "ExpMultipler": 0.1,
        "Fire": 0,
        "Electric": 0,
        "Ice": 0,
        "Poison": 0,
        "Grade": "레어"
    },
    {
        "index": 36,
        "name": "크리스탈 창",
        "MaxHp": 0,
        "MoveSpeed": 0,
        "AttackDmg": 0,
        "AttackSpeed": 0,
        "AttackRange": 1,
        "BulletSpeed": 0,
        "BulletLifeTime": 0,
        "BulletPen": 0,
        "LootingRange": 0,
        "ExpMultipler": 0.1,
        "Fire": 0,
        "Electric": 0,
        "Ice": 0,
        "Poison": 0,
        "Grade": "레어"
    },
    {
        "index": 37,
        "name": "크리스탈 활",
        "MaxHp": 0,
        "MoveSpeed": 0,
        "AttackDmg": 0,
        "AttackSpeed": 0,
        "AttackRange": 0,
        "BulletSpeed": 1,
        "BulletLifeTime": 0,
        "BulletPen": 0,
        "LootingRange": 0,
        "ExpMultipler": 0.1,
        "Fire": 0,
        "Electric": 0,
        "Ice": 0,
        "Poison": 0,
        "Grade": "레어"
    },
    {
        "index": 38,
        "name": "크리스탈 목걸이",
        "MaxHp": 0,
        "MoveSpeed": 0,
        "AttackDmg": 0,
        "AttackSpeed": 0,
        "AttackRange": 0,
        "BulletSpeed": 0,
        "BulletLifeTime": 0.5,
        "BulletPen": 0,
        "LootingRange": 0,
        "ExpMultipler": 0.1,
        "Fire": 0,
        "Electric": 0,
        "Ice": 0,
        "Poison": 0,
        "Grade": "레어"
    },
    {
        "index": 39,
        "name": "크리스탈 화살",
        "MaxHp": 0,
        "MoveSpeed": 0,
        "AttackDmg": 0,
        "AttackSpeed": 0,
        "AttackRange": 0,
        "BulletSpeed": 0,
        "BulletLifeTime": 0,
        "BulletPen": 1,
        "LootingRange": 0,
        "ExpMultipler": 0.1,
        "Fire": 0,
        "Electric": 0,
        "Ice": 0,
        "Poison": 0,
        "Grade": "레어"
    },
    {
        "index": 40,
        "name": "크리스탈 반지",
        "MaxHp": 0,
        "MoveSpeed": 0,
        "AttackDmg": 0,
        "AttackSpeed": 0,
        "AttackRange": 0,
        "BulletSpeed": 0,
        "BulletLifeTime": 0,
        "BulletPen": 0,
        "LootingRange": 0,
        "ExpMultipler": 0.3,
        "Fire": 0,
        "Electric": 0,
        "Ice": 0,
        "Poison": 0,
        "Grade": "레어"
    },
    {
        "index": 41,
        "name": "주술사의 장화",
        "MaxHp": 0,
        "MoveSpeed": 1,
        "AttackDmg": 1,
        "AttackSpeed": 0,
        "AttackRange": 0.2,
        "BulletSpeed": 0,
        "BulletLifeTime": 0,
        "BulletPen": 0,
        "LootingRange": 0,
        "ExpMultipler": 0,
        "Fire": 1,
        "Electric": 0,
        "Ice": 0,
        "Poison": 0,
        "Grade": "유니크"
    },
    {
        "index": 42,
        "name": "주술사의 주술서",
        "MaxHp": 0,
        "MoveSpeed": 0,
        "AttackDmg": 3,
        "AttackSpeed": 0,
        "AttackRange": 0.2,
        "BulletSpeed": 0,
        "BulletLifeTime": 0,
        "BulletPen": 0,
        "LootingRange": 0,
        "ExpMultipler": 0,
        "Fire": 1,
        "Electric": 0,
        "Ice": 0,
        "Poison": 0,
        "Grade": "유니크"
    },
    {
        "index": 43,
        "name": "주술사의 단검",
        "MaxHp": 0,
        "MoveSpeed": 0,
        "AttackDmg": 1,
        "AttackSpeed": 1,
        "AttackRange": 0.2,
        "BulletSpeed": 0,
        "BulletLifeTime": 0,
        "BulletPen": 0,
        "LootingRange": 0,
        "ExpMultipler": 0,
        "Fire": 1,
        "Electric": 0,
        "Ice": 0,
        "Poison": 0,
        "Grade": "유니크"
    },
    {
        "index": 44,
        "name": "주술사의 촉매",
        "MaxHp": 0,
        "MoveSpeed": 0,
        "AttackDmg": 1,
        "AttackSpeed": 0,
        "AttackRange": 1.2,
        "BulletSpeed": 0,
        "BulletLifeTime": 0,
        "BulletPen": 0,
        "LootingRange": 0,
        "ExpMultipler": 0,
        "Fire": 1,
        "Electric": 0,
        "Ice": 0,
        "Poison": 0,
        "Grade": "유니크"
    },
    {
        "index": 45,
        "name": "주술사의 목걸이",
        "MaxHp": 0,
        "MoveSpeed": 0,
        "AttackDmg": 1,
        "AttackSpeed": 0,
        "AttackRange": 0.2,
        "BulletSpeed": 0,
        "BulletLifeTime": 0.5,
        "BulletPen": 0,
        "LootingRange": 0,
        "ExpMultipler": 0,
        "Fire": 1,
        "Electric": 0,
        "Ice": 0,
        "Poison": 0,
        "Grade": "유니크"
    },
    {
        "index": 46,
        "name": "주술사의 반지",
        "MaxHp": 0,
        "MoveSpeed": 0,
        "AttackDmg": 1,
        "AttackSpeed": 0,
        "AttackRange": 0.2,
        "BulletSpeed": 0,
        "BulletLifeTime": 0,
        "BulletPen": 0,
        "LootingRange": 0,
        "ExpMultipler": 0.2,
        "Fire": 1,
        "Electric": 0,
        "Ice": 0,
        "Poison": 0,
        "Grade": "유니크"
    },
    {
        "index": 47,
        "name": "주술사의 제물",
        "MaxHp": 0,
        "MoveSpeed": 0,
        "AttackDmg": 1,
        "AttackSpeed": 0,
        "AttackRange": 0.2,
        "BulletSpeed": 0,
        "BulletLifeTime": 0,
        "BulletPen": 0,
        "LootingRange": 0,
        "ExpMultipler": 0,
        "Fire": 2,
        "Electric": 0,
        "Ice": 0,
        "Poison": 0,
        "Grade": "유니크"
    },
    {
        "index": 48,
        "name": "마법사의 로브",
        "MaxHp": 15,
        "MoveSpeed": 0,
        "AttackDmg": 0,
        "AttackSpeed": 0.2,
        "AttackRange": 0,
        "BulletSpeed": 0.2,
        "BulletLifeTime": 0,
        "BulletPen": 0,
        "LootingRange": 0.5,
        "ExpMultipler": 0,
        "Fire": 0,
        "Electric": 1,
        "Ice": 0,
        "Poison": 0,
        "Grade": "유니크"
    },
    {
        "index": 49,
        "name": "마법사의 장화",
        "MaxHp": 0,
        "MoveSpeed": 1,
        "AttackDmg": 0,
        "AttackSpeed": 0.2,
        "AttackRange": 0,
        "BulletSpeed": 0.2,
        "BulletLifeTime": 0,
        "BulletPen": 0,
        "LootingRange": 0,
        "ExpMultipler": 0,
        "Fire": 0,
        "Electric": 1,
        "Ice": 0,
        "Poison": 0,
        "Grade": "유니크"
    },
    {
        "index": 50,
        "name": "마법사의 지팡이",
        "MaxHp": 0,
        "MoveSpeed": 0,
        "AttackDmg": 2,
        "AttackSpeed": 0.2,
        "AttackRange": 0,
        "BulletSpeed": 0.2,
        "BulletLifeTime": 0,
        "BulletPen": 0,
        "LootingRange": 0,
        "ExpMultipler": 0,
        "Fire": 0,
        "Electric": 1,
        "Ice": 0,
        "Poison": 0,
        "Grade": "유니크"
    },
    {
        "index": 51,
        "name": "마법사의 안경",
        "MaxHp": 0,
        "MoveSpeed": 0,
        "AttackDmg": 0,
        "AttackSpeed": 0.2,
        "AttackRange": 1,
        "BulletSpeed": 0.2,
        "BulletLifeTime": 0,
        "BulletPen": 0,
        "LootingRange": 0,
        "ExpMultipler": 0,
        "Fire": 0,
        "Electric": 1,
        "Ice": 0,
        "Poison": 0,
        "Grade": "유니크"
    },
    {
        "index": 52,
        "name": "마법사의 촉매",
        "MaxHp": 0,
        "MoveSpeed": 0,
        "AttackDmg": 0,
        "AttackSpeed": 0.2,
        "AttackRange": 0,
        "BulletSpeed": 1.2,
        "BulletLifeTime": 0,
        "BulletPen": 0,
        "LootingRange": 0,
        "ExpMultipler": 0,
        "Fire": 0,
        "Electric": 1,
        "Ice": 0,
        "Poison": 0,
        "Grade": "유니크"
    },
    {
        "index": 53,
        "name": "마법사의 반지",
        "MaxHp": 0,
        "MoveSpeed": 0,
        "AttackDmg": 0,
        "AttackSpeed": 0.2,
        "AttackRange": 0,
        "BulletSpeed": 0.2,
        "BulletLifeTime": 0,
        "BulletPen": 0,
        "LootingRange": 0,
        "ExpMultipler": 0.2,
        "Fire": 0,
        "Electric": 1,
        "Ice": 0,
        "Poison": 0,
        "Grade": "유니크"
    },
    {
        "index": 54,
        "name": "마법사의 스크롤",
        "MaxHp": 0,
        "MoveSpeed": 0,
        "AttackDmg": 0,
        "AttackSpeed": 0.2,
        "AttackRange": 0,
        "BulletSpeed": 0.2,
        "BulletLifeTime": 0,
        "BulletPen": 0,
        "LootingRange": 0,
        "ExpMultipler": 0,
        "Fire": 0,
        "Electric": 2,
        "Ice": 0,
        "Poison": 0,
        "Grade": "유니크"
    },
    {
        "index": 55,
        "name": "바이킹의 갑옷",
        "MaxHp": 60,
        "MoveSpeed": 0,
        "AttackDmg": 1,
        "AttackSpeed": 0,
        "AttackRange": 0,
        "BulletSpeed": 0,
        "BulletLifeTime": 0,
        "BulletPen": 0,
        "LootingRange": 0,
        "ExpMultipler": 0,
        "Fire": 0,
        "Electric": 0,
        "Ice": 1,
        "Poison": 0,
        "Grade": "유니크"
    },
    {
        "index": 56,
        "name": "바이킹의 장화",
        "MaxHp": 10,
        "MoveSpeed": 1,
        "AttackDmg": 1,
        "AttackSpeed": 0,
        "AttackRange": 0,
        "BulletSpeed": 0,
        "BulletLifeTime": 0,
        "BulletPen": 0,
        "LootingRange": 0,
        "ExpMultipler": 0,
        "Fire": 0,
        "Electric": 0,
        "Ice": 1,
        "Poison": 0,
        "Grade": "유니크"
    },
    {
        "index": 57,
        "name": "바이킹의 도끼",
        "MaxHp": 10,
        "MoveSpeed": 0,
        "AttackDmg": 3,
        "AttackSpeed": 0,
        "AttackRange": 0,
        "BulletSpeed": 0,
        "BulletLifeTime": 0,
        "BulletPen": 0,
        "LootingRange": 0,
        "ExpMultipler": 0,
        "Fire": 0,
        "Electric": 0,
        "Ice": 1,
        "Poison": 0,
        "Grade": "유니크"
    },
    {
        "index": 58,
        "name": "바이킹의 목걸이",
        "MaxHp": 10,
        "MoveSpeed": 0,
        "AttackDmg": 1,
        "AttackSpeed": 0,
        "AttackRange": 0,
        "BulletSpeed": 0,
        "BulletLifeTime": 0.5,
        "BulletPen": 0,
        "LootingRange": 0,
        "ExpMultipler": 0,
        "Fire": 0,
        "Electric": 0,
        "Ice": 1,
        "Poison": 0,
        "Grade": "유니크"
    },
    {
        "index": 59,
        "name": "바이킹의 작살",
        "MaxHp": 10,
        "MoveSpeed": 0,
        "AttackDmg": 1,
        "AttackSpeed": 0,
        "AttackRange": 0,
        "BulletSpeed": 0,
        "BulletLifeTime": 0,
        "BulletPen": 1,
        "LootingRange": 0,
        "ExpMultipler": 0,
        "Fire": 0,
        "Electric": 0,
        "Ice": 1,
        "Poison": 0,
        "Grade": "유니크"
    },
    {
        "index": 60,
        "name": "바이킹의 반지",
        "MaxHp": 10,
        "MoveSpeed": 0,
        "AttackDmg": 1,
        "AttackSpeed": 0,
        "AttackRange": 0,
        "BulletSpeed": 0,
        "BulletLifeTime": 0,
        "BulletPen": 0,
        "LootingRange": 0,
        "ExpMultipler": 0.2,
        "Fire": 0,
        "Electric": 0,
        "Ice": 1,
        "Poison": 0,
        "Grade": "유니크"
    },
    {
        "index": 61,
        "name": "바이킹의 뿔피리",
        "MaxHp": 10,
        "MoveSpeed": 0,
        "AttackDmg": 1,
        "AttackSpeed": 0,
        "AttackRange": 0,
        "BulletSpeed": 0,
        "BulletLifeTime": 0,
        "BulletPen": 0,
        "LootingRange": 0,
        "ExpMultipler": 0,
        "Fire": 0,
        "Electric": 0,
        "Ice": 2,
        "Poison": 0,
        "Grade": "유니크"
    },
    {
        "index": 62,
        "name": "도적의 장화",
        "MaxHp": 0,
        "MoveSpeed": 1.1,
        "AttackDmg": 0,
        "AttackSpeed": 0.2,
        "AttackRange": 0,
        "BulletSpeed": 0,
        "BulletLifeTime": 0,
        "BulletPen": 0,
        "LootingRange": 0.2,
        "ExpMultipler": 0,
        "Fire": 0,
        "Electric": 0,
        "Ice": 0,
        "Poison": 1,
        "Grade": "유니크"
    },
    {
        "index": 63,
        "name": "도적의 장갑",
        "MaxHp": 0,
        "MoveSpeed": 0.1,
        "AttackDmg": 0,
        "AttackSpeed": 0.2,
        "AttackRange": 0,
        "BulletSpeed": 0,
        "BulletLifeTime": 0,
        "BulletPen": 0,
        "LootingRange": 1.2,
        "ExpMultipler": 0,
        "Fire": 0,
        "Electric": 0,
        "Ice": 0,
        "Poison": 1,
        "Grade": "유니크"
    },
    {
        "index": 64,
        "name": "도적의 단도",
        "MaxHp": 0,
        "MoveSpeed": 0.1,
        "AttackDmg": 3,
        "AttackSpeed": 0.2,
        "AttackRange": 0,
        "BulletSpeed": 0,
        "BulletLifeTime": 0,
        "BulletPen": 0,
        "LootingRange": 0.2,
        "ExpMultipler": 0,
        "Fire": 0,
        "Electric": 0,
        "Ice": 0,
        "Poison": 1,
        "Grade": "유니크"
    },
    {
        "index": 65,
        "name": "도적의 투척 단검",
        "MaxHp": 0,
        "MoveSpeed": 0.1,
        "AttackDmg": 0,
        "AttackSpeed": 0.2,
        "AttackRange": 0,
        "BulletSpeed": 1,
        "BulletLifeTime": 0,
        "BulletPen": 0,
        "LootingRange": 0.2,
        "ExpMultipler": 0,
        "Fire": 0,
        "Electric": 0,
        "Ice": 0,
        "Poison": 1,
        "Grade": "유니크"
    },
    {
        "index": 66,
        "name": "도적의 송곳",
        "MaxHp": 0,
        "MoveSpeed": 0.1,
        "AttackDmg": 0,
        "AttackSpeed": 0.2,
        "AttackRange": 0,
        "BulletSpeed": 0,
        "BulletLifeTime": 0,
        "BulletPen": 1,
        "LootingRange": 0.2,
        "ExpMultipler": 0,
        "Fire": 0,
        "Electric": 0,
        "Ice": 0,
        "Poison": 1,
        "Grade": "유니크"
    },
    {
        "index": 67,
        "name": "도적의 반지",
        "MaxHp": 0,
        "MoveSpeed": 0.1,
        "AttackDmg": 0,
        "AttackSpeed": 0.2,
        "AttackRange": 0,
        "BulletSpeed": 0,
        "BulletLifeTime": 0,
        "BulletPen": 0,
        "LootingRange": 0.2,
        "ExpMultipler": 0.2,
        "Fire": 0,
        "Electric": 0,
        "Ice": 0,
        "Poison": 1,
        "Grade": "유니크"
    },
    {
        "index": 68,
        "name": "도적의 맹독",
        "MaxHp": 0,
        "MoveSpeed": 0.1,
        "AttackDmg": 0,
        "AttackSpeed": 0.2,
        "AttackRange": 0,
        "BulletSpeed": 0,
        "BulletLifeTime": 0,
        "BulletPen": 0,
        "LootingRange": 0.2,
        "ExpMultipler": 0,
        "Fire": 0,
        "Electric": 0,
        "Ice": 0,
        "Poison": 2,
        "Grade": "유니크"
    },
    {
        "index": 69,
        "name": "성장의 반지",
        "MaxHp": 0,
        "MoveSpeed": 0,
        "AttackDmg": 0,
        "AttackSpeed": 0,
        "AttackRange": 0,
        "BulletSpeed": 0,
        "BulletLifeTime": 0,
        "BulletPen": 0,
        "LootingRange": 1,
        "ExpMultipler": 0.5,
        "Fire": 0,
        "Electric": 0,
        "Ice": 0,
        "Poison": 0,
        "Grade": "에픽"
    },
    {
        "index": 70,
        "name": "성장의 저주",
        "MaxHp": -50,
        "MoveSpeed": -1,
        "AttackDmg": -2,
        "AttackSpeed": -0.5,
        "AttackRange": -2,
        "BulletSpeed": -1,
        "BulletLifeTime": -0.5,
        "BulletPen": 0,
        "LootingRange": 2,
        "ExpMultipler": 1,
        "Fire": 0,
        "Electric": 0,
        "Ice": 0,
        "Poison": 0,
        "Grade": "에픽"
    },
    {
        "index": 71,
        "name": "플라즈마",
        "MaxHp": 0,
        "MoveSpeed": 0,
        "AttackDmg": 2,
        "AttackSpeed": 0.4,
        "AttackRange": 0.4,
        "BulletSpeed": 0.4,
        "BulletLifeTime": 0,
        "BulletPen": 0,
        "LootingRange": 0,
        "ExpMultipler": 0,
        "Fire": 1,
        "Electric": 1,
        "Ice": 0,
        "Poison": 0,
        "Grade": "에픽"
    },
    {
        "index": 72,
        "name": "불타는 얼음",
        "MaxHp": 20,
        "MoveSpeed": 0,
        "AttackDmg": 4,
        "AttackSpeed": 0,
        "AttackRange": 0.4,
        "BulletSpeed": 0,
        "BulletLifeTime": 0,
        "BulletPen": 0,
        "LootingRange": 0,
        "ExpMultipler": 0,
        "Fire": 1,
        "Electric": 0,
        "Ice": 1,
        "Poison": 0,
        "Grade": "에픽"
    },
    {
        "index": 73,
        "name": "화염 포자",
        "MaxHp": 0,
        "MoveSpeed": 0.2,
        "AttackDmg": 2,
        "AttackSpeed": 0.4,
        "AttackRange": 0.4,
        "BulletSpeed": 0,
        "BulletLifeTime": 0,
        "BulletPen": 0,
        "LootingRange": 1,
        "ExpMultipler": 0,
        "Fire": 1,
        "Electric": 0,
        "Ice": 0,
        "Poison": 1,
        "Grade": "에픽"
    },
    {
        "index": 74,
        "name": "극지방 번개",
        "MaxHp": 20,
        "MoveSpeed": 0,
        "AttackDmg": 2,
        "AttackSpeed": 0.4,
        "AttackRange": 0,
        "BulletSpeed": 0.4,
        "BulletLifeTime": 0,
        "BulletPen": 0,
        "LootingRange": 0,
        "ExpMultipler": 0,
        "Fire": 0,
        "Electric": 1,
        "Ice": 1,
        "Poison": 0,
        "Grade": "에픽"
    },
    {
        "index": 75,
        "name": "방사능 오염",
        "MaxHp": 0,
        "MoveSpeed": 0.2,
        "AttackDmg": 0,
        "AttackSpeed": 0.8,
        "AttackRange": 0,
        "BulletSpeed": 0.4,
        "BulletLifeTime": 0,
        "BulletPen": 0,
        "LootingRange": 1,
        "ExpMultipler": 0,
        "Fire": 0,
        "Electric": 1,
        "Ice": 0,
        "Poison": 1,
        "Grade": "에픽"
    },
    {
        "index": 76,
        "name": "리치왕의 왕관",
        "MaxHp": 20,
        "MoveSpeed": 0.2,
        "AttackDmg": 2,
        "AttackSpeed": 0.4,
        "AttackRange": 0,
        "BulletSpeed": 0,
        "BulletLifeTime": 0,
        "BulletPen": 0,
        "LootingRange": 1,
        "ExpMultipler": 0,
        "Fire": 0,
        "Electric": 0,
        "Ice": 1,
        "Poison": 1,
        "Grade": "에픽"
    },
    {
        "index": 77,
        "name": "전능",
        "MaxHp": 100,
        "MoveSpeed": 2,
        "AttackDmg": 5,
        "AttackSpeed": 2,
        "AttackRange": 1,
        "BulletSpeed": 1,
        "BulletLifeTime": 1,
        "BulletPen": 1,
        "LootingRange": 0.5,
        "ExpMultipler": 0.2,
        "Fire": 0,
        "Electric": 0,
        "Ice": 0,
        "Poison": 0,
        "Grade": "에픽"
    }
]